HAP ID,Status,Type,HoH is 18-24,Gender,Race,Ethnicity,Household Size,Total Children,Children Ages,Date Approved
HAP2193,approved,rental,Yes,Female,White,Non-Hispanic / Non-Latinx,4,2,"8m, 2y",2022-03-14T18:36:00.796Z
HAP2205,approved,rental,No,Female,,Hispanic / Latinx,6,5,".5, 3, 4, 6, 10",2022-03-14T18:20:08.833Z
HAP690,approved,rental,No,Male,White,Non-Hispanic / Non-Latinx,2,1,2,2022-03-10T21:02:25.515Z
HAP762,approved,rental,No,Male,Multi-Racial,Non-Hispanic / Non-Latinx,2,1,12,2022-03-08T22:49:17.728Z
HAP761,approved,rental,No,Female,White,Non-Hispanic / Non-Latinx,5,3,"8, 3, 1",2022-03-08T22:18:35.864Z
HAP2198,approved,rental,No,Female,White,Hispanic / Latinx,4,2,"16, 8",2022-03-08T21:43:05.211Z
HAP2198,approved,rental,No,Female,White,Hispanic / Latinx,4,2,"16, 8",2022-03-08T21:31:52.617Z
HAP2178,approved,rental,No,Female,White,Non-Hispanic / Non-Latinx,4,3,"8,11, 16",2022-03-08T00:14:14.473Z
HAP866,approved,rental,Yes,Female,White,Non-Hispanic / Non-Latinx,3,2,"2,4",2022-03-08T00:00:20.824Z
HAP154,approved,rental,No,,White,Non-Hispanic / Non-Latinx,1,2,,2022-03-07T23:10:12.848Z
HAP487,approved,rental,No,,White,Non-Hispanic / Non-Latinx,4,2,"3, 4",2022-03-02T21:49:03.857Z
HAP2183,approved,rental,No,Male,Multi-Racial,Non-Hispanic / Non-Latinx,5,3,"9, 3, 2",2022-03-02T21:42:44.819Z
HAP2182,approved,rental,No,Female,Native Hawaiian or Other Pacific Islander,Non-Hispanic / Non-Latinx,5,3,"14,12,11",2022-03-02T21:37:42.468Z
HAP957,approved,rental,No,Female,White,Non-Hispanic / Non-Latinx,2,1,4,2022-03-02T19:03:23.184Z
HAP1673,approved,rental,Yes,Female,Multi-Racial,Non-Hispanic / Non-Latinx,2,1,9 months ,2022-03-02T18:47:49.864Z
HAP577,approved,rental,No,Male,White,Non-Hispanic / Non-Latinx,5,3,"9month, 4yr old, 11 yr old",2022-02-28T16:22:33.233Z
HAP2008,approved,rental,No,Female,White,Non-Hispanic / Non-Latinx,4,3,"15, 14, 9",2022-02-23T18:15:42.378Z
HAP2009,approved,rental,No,Female,,Hispanic / Latinx,7,5,"7, 12, 14, 15, 17",2022-02-23T17:43:30.292Z
HAP2003,approved,rental,Yes,Female,White,Non-Hispanic / Non-Latinx,4,2,"8, 16",2022-02-23T17:12:54.568Z
HAP1040,approved,rental,Yes,Female,White,Non-Hispanic / Non-Latinx,3,2,"5,2",2022-02-21T19:31:51.779Z
HAP1854,approved,rental,No,Female,Multi-Racial,Non-Hispanic / Non-Latinx,4,2,"17,12",2022-02-21T18:33:16.098Z
HAP997,approved,rental,No,Female,White,Non-Hispanic / Non-Latinx,3,2,"5,2",2022-02-21T18:24:37.375Z
HAP73,approved,rental,No,Female,Multi-Racial,Non-Hispanic / Non-Latinx,4,3,"8,6,1",2022-02-21T18:07:12.729Z
HAP2002,approved,rental,Yes,Female,White,Non-Hispanic / Non-Latinx,3,2,"8,4",2022-02-21T17:46:23.612Z
HAP1657,approved,rental,No,Male,White,Non-Hispanic / Non-Latinx,2,1,13,2022-02-17T17:35:34.481Z
HAP1498,approved,rental,No,Female,American Indian or Alaska Native,Hispanic / Latinx,5,4,"15, 13, 8, 5",2022-02-17T16:51:55.716Z
HAP997,approved,rental,No,Female,White,Non-Hispanic / Non-Latinx,3,2,"5,2",2022-02-16T18:12:32.838Z
HAP1656,approved,rental,No,Female,Native Hawaiian or Other Pacific Islander,Non-Hispanic / Non-Latinx,3,2,"15, 12",2022-02-15T20:40:25.148Z
HAP471,approved,rental,No,Female,White,Hispanic / Latinx,4,2,"14, 15,",2022-02-15T20:37:40.671Z
HAP1535,approved,rental,No,Female,White,Non-Hispanic / Non-Latinx,3,1,15,2022-02-15T20:34:16.338Z
HAP1955,approved,rental,No,Male,Client refused,Non-Hispanic / Non-Latinx,2,1,10,2022-02-15T20:18:33.468Z
HAP1937,approved,rental,No,Female,Multi-Racial,Non-Hispanic / Non-Latinx,4,2,"3,9",2022-02-15T19:47:29.252Z
HAP1853,approved,rental,No,Female,White,Non-Hispanic / Non-Latinx,3,1,4,2022-02-15T19:27:32.223Z
HAP1757,approved,rental,Yes,Male,White,Non-Hispanic / Non-Latinx,4,1,2,2022-02-15T19:02:50.784Z
HAP1752,approved,rental,No,Female,Black or African American,Non-Hispanic / Non-Latinx,5,3,"4,2,6 days",2022-02-15T03:57:45.211Z
HAP1874,approved,rental,No,Female,White,Non-Hispanic / Non-Latinx,2,1,6,2022-02-15T03:51:03.706Z
HAP1947,approved,rental,Yes,Male,White,Non-Hispanic / Non-Latinx,3,1,1 month,2022-02-15T03:43:48.467Z
HAP1985,approved,rental,No,Male,Native Hawaiian or Other Pacific Islander,Non-Hispanic / Non-Latinx,6,4,"15,13,7,5",2022-02-15T03:24:58.017Z
HAP1966,approved,rental,No,Male,White,Non-Hispanic / Non-Latinx,3,2,"10,8",2022-02-15T03:16:30.198Z
HAP1960,approved,rental,No,Female,White,Non-Hispanic / Non-Latinx,3,2,"4, 7",2022-02-15T03:12:18.499Z
HAP1968,approved,rental,No,Female,White,Non-Hispanic / Non-Latinx,5,3,"7,7,3months",2022-02-15T03:08:05.159Z
HAP1971,approved,rental,No,Female,White,Non-Hispanic / Non-Latinx,4,3,"12,9,1",2022-02-15T03:01:23.846Z
HAP1954,approved,rental,No,Female,White,Non-Hispanic / Non-Latinx,5,3,"8,6,4",2022-02-15T02:43:44.515Z
HAP86,approved,rental,No,Female,Multi-Racial,Non-Hispanic / Non-Latinx,2,1,17,2022-02-11T23:19:03.515Z
HAP841,approved,rental,No,Female,White,Non-Hispanic / Non-Latinx,2,1,3,2022-02-11T23:01:36.920Z
HAP89,approved,rental,No,Male,White,Non-Hispanic / Non-Latinx,5,3,"15, 10, 8",2022-02-11T22:46:47.418Z
HAP1973,approved,rental,No,Female,White,Non-Hispanic / Non-Latinx,4,2,"7, 6months",2022-02-11T22:20:58.236Z
HAP1936,approved,rental,No,Female,Multi-Racial,Non-Hispanic / Non-Latinx,4,2,"4,8",2022-02-11T21:38:34.572Z
HAP761,approved,rental,No,Female,White,Non-Hispanic / Non-Latinx,5,3,"8, 3, 1",2022-02-11T21:04:41.482Z
HAP103,approved,rental,No,Male,Black or African American,Non-Hispanic / Non-Latinx,2,1,17,2022-02-10T17:47:14.908Z
HAP429,approved,rental,No,Female,White,Non-Hispanic / Non-Latinx,4,2,"8, 6 ",2022-02-10T17:38:19.242Z
HAP1931,approved,rental,No,Male,White,Non-Hispanic / Non-Latinx,2,1,16,2022-02-10T17:27:30.418Z
HAP1982,approved,rental,No,Gender non-conforming,White,Non-Hispanic / Non-Latinx,2,1,17,2022-02-10T17:20:28.625Z
HAP1881,approved,rental,No,Female,White,Non-Hispanic / Non-Latinx,3,2,"13,8",2022-02-10T17:14:37.086Z
HAP63,approved,rental,No,Female,Native Hawaiian or Other Pacific Islander,Non-Hispanic / Non-Latinx,7,5,"14,12,12,11,7",2022-02-09T17:38:37.561Z
HAP1883,approved,rental,No,Female,White,Non-Hispanic / Non-Latinx,3,2,"14,7",2022-02-09T17:26:38.273Z
HAP1984,approved,rental,No,Female,Multi-Racial,Non-Hispanic / Non-Latinx,3,2,"6 year old, and 6 months old",2022-02-09T17:19:05.104Z
HAP231,approved,rental,No,Female,Multi-Racial,Hispanic / Latinx,6,4,"12, 9, 6, 5",2022-02-09T17:08:56.545Z
HAP1306,approved,rental,No,Female,White,Hispanic / Latinx,8,6,"3,5,6,7,9,14",2022-02-09T17:02:44.461Z
HAP1941,approved,rental,No,Female,White,Non-Hispanic / Non-Latinx,2,1,9,2022-02-09T16:47:30.255Z
HAP1732,approved,rental,No,Female,Multi-Racial,Non-Hispanic / Non-Latinx,4,2,"5,10",2022-02-09T16:18:41.192Z
HAP450,approved,rental,No,Female,Multi-Racial,Non-Hispanic / Non-Latinx,3,2,"12, 2.5",2022-02-09T16:07:57.951Z
HAP693,approved,rental,No,Female,White,Non-Hispanic / Non-Latinx,4,2,"11,7",2022-02-09T16:02:30.392Z
HAP996,approved,rental,No,Female,White,Non-Hispanic / Non-Latinx,3,2,"15, 9",2022-02-09T15:59:17.859Z
HAP1074,approved,rental,No,Male,Native Hawaiian or Other Pacific Islander,Non-Hispanic / Non-Latinx,5,1,10,2022-02-09T15:53:24.201Z
HAP1802,approved,rental,No,Male,White,Non-Hispanic / Non-Latinx,6,4,"13, 11, 6, 6",2022-02-02T20:20:44.332Z
HAP1958,approved,rental,No,Female,White,Non-Hispanic / Non-Latinx,3,1,16,2022-02-02T01:46:52.638Z
HAP1876,approved,rental,No,Female,White,Non-Hispanic / Non-Latinx,4,3,"8,6,5",2022-01-28T18:05:23.889Z
HAP1827,approved,rental,No,Female,White,Non-Hispanic / Non-Latinx,3,2,"2,4",2022-01-28T17:56:32.886Z
HAP1935,approved,rental,No,Female,White,Non-Hispanic / Non-Latinx,5,3,"17,8 4",2022-01-28T17:50:25.198Z
HAP1834,approved,rental,No,Trans Male (FTM),White,Non-Hispanic / Non-Latinx,3,1,1 1/2,2022-01-28T17:43:26.921Z
HAP1311,approved,rental,No,Female,Black or African American,Hispanic / Latinx,4,3,"6,1,5 months",2022-01-28T17:29:43.248Z
HAP1431,approved,rental,No,Male,Asian,Non-Hispanic / Non-Latinx,2,1,14,2022-01-28T17:24:15.398Z
HAP1969,approved,rental,No,Female,White,Non-Hispanic / Non-Latinx,5,4,"11,7,1,0",2022-01-28T17:10:13.615Z
HAP1928,approved,rental,No,Female,Black or African American,Non-Hispanic / Non-Latinx,2,1,14,2022-01-28T17:02:56.759Z
HAP1069,approved,rental,No,Female,White,Non-Hispanic / Non-Latinx,4,3,"15, 14, 12",2022-01-28T16:54:31.394Z
HAP1347,approved,rental,No,Female,Multi-Racial,Non-Hispanic / Non-Latinx,8,6,"13,12,11,9,7,4",2022-01-27T20:56:52.295Z
HAP1975,approved,rental,No,Female,White,Hispanic / Latinx,6,5,"14,10,7,3,2",2022-01-27T20:48:38.221Z
HAP383,approved,rental,No,Female,Multi-Racial,Non-Hispanic / Non-Latinx,5,4,"9,7,5,1",2022-01-27T20:32:00.233Z
HAP1151,approved,rental,No,Female,White,Non-Hispanic / Non-Latinx,2,1,16,2022-01-25T21:13:47.883Z
HAP1882,approved,rental,No,Female,White,Non-Hispanic / Non-Latinx,4,2,"2, 1",2022-01-25T19:51:41.955Z
HAP1910,approved,rental,No,Female,White,Non-Hispanic / Non-Latinx,4,2,"2, newborn",2022-01-25T19:37:43.742Z
HAP1846,approved,rental,No,Female,White,Hispanic / Latinx,4,1,6,2022-01-25T19:27:27.913Z
HAP496,approved,rental,No,Female,White,Non-Hispanic / Non-Latinx,5,3,"10,5,2",2022-01-25T19:06:00.916Z
HAP1972,approved,rental,No,Female,Multi-Racial,Non-Hispanic / Non-Latinx,3,2,"6,4",2022-01-24T23:24:56.188Z
HAP1878,approved,rental,No,Female,Multi-Racial,Non-Hispanic / Non-Latinx,3,2,"5,3",2022-01-24T23:18:49.985Z
HAP1970,approved,rental,No,Male,White,Non-Hispanic / Non-Latinx,3,2,"6, 16",2022-01-24T23:15:05.272Z
HAP1953,approved,rental,No,Female,White,Non-Hispanic / Non-Latinx,4,3,"3, 11, 15",2022-01-24T23:07:52.392Z
HAP1977,approved,rental,No,Female,White,Non-Hispanic / Non-Latinx,2,1,3,2022-01-24T22:56:36.752Z
HAP1979,approved,rental,No,Female,White,Non-Hispanic / Non-Latinx,2,1,9,2022-01-24T22:51:16.827Z
HAP1839,approved,rental,No,Female,White,Non-Hispanic / Non-Latinx,2,1,15,2022-01-19T23:54:16.164Z
HAP264,approved,rental,No,Female,Black or African American,Non-Hispanic / Non-Latinx,5,3,"6,4,1",2022-01-19T23:49:29.727Z
HAP1242,approved,rental,No,Female,White,Non-Hispanic / Non-Latinx,3,2,7 and 1,2022-01-19T23:37:30.442Z
HAP1965,approved,rental,No,Female,Multi-Racial,Hispanic / Latinx,4,3,0-16,2022-01-19T23:31:27.130Z
HAP1890,approved,rental,No,Female,Multi-Racial,Non-Hispanic / Non-Latinx,5,4,"15,13,10,7",2022-01-19T23:12:39.041Z
HAP1897,approved,rental,No,Female,Native Hawaiian or Other Pacific Islander,Non-Hispanic / Non-Latinx,5,3,"11,5,1",2022-01-19T21:33:35.396Z
HAP1951,approved,rental,No,Female,Black or African American,Non-Hispanic / Non-Latinx,4,3,"10,5,3",2022-01-19T21:24:48.170Z
HAP191,approved,rental,No,Female,White,Non-Hispanic / Non-Latinx,3,2,"12, 9",2022-01-19T21:17:49.430Z
HAP1087,approved,rental,No,Female,Multi-Racial,Non-Hispanic / Non-Latinx,1,0,pregnant,2022-01-19T21:11:06.651Z
HAP1746,approved,rental,No,Female,Multi-Racial,Non-Hispanic / Non-Latinx,2,1,4,2022-01-19T20:14:01.958Z
HAP1093,approved,rental,No,Male,Black or African American,Non-Hispanic / Non-Latinx,3,2,"6,2",2022-01-19T20:05:25.366Z
HAP1663,approved,rental,No,Male,White,Non-Hispanic / Non-Latinx,3,1,6,2022-01-19T19:57:14.913Z
HAP1429,approved,rental,Yes,Female,Multi-Racial,Non-Hispanic / Non-Latinx,4,3,"4,3,7 months ",2022-01-19T19:37:59.385Z
HAP854,approved,rental,No,Female,White,Non-Hispanic / Non-Latinx,3,2,"15,10",2022-01-19T19:11:35.479Z
HAP1957,approved,rental,No,Male,White,Non-Hispanic / Non-Latinx,4,3,"11, 13, 16",2022-01-18T22:56:10.315Z
HAP1789,approved,rental,No,Female,White,Non-Hispanic / Non-Latinx,4,3,,2022-01-18T22:33:44.114Z
HAP1787,approved,rental,No,Female,White,Non-Hispanic / Non-Latinx,2,1,4,2022-01-18T21:56:38.945Z
HAP1231,approved,rental,No,Female,Multi-Racial,Non-Hispanic / Non-Latinx,2,1,9mo,2022-01-16T21:28:57.733Z
HAP1940,approved,rental,No,Male,Multi-Racial,Hispanic / Latinx,3,2,"8,14",2022-01-16T21:19:13.037Z
HAP1946,approved,rental,No,Female,White,Non-Hispanic / Non-Latinx,2,1,16,2022-01-16T21:10:15.659Z
HAP976,approved,rental,No,Female,White,Non-Hispanic / Non-Latinx,3,1,12,2022-01-16T21:06:40.352Z
HAP1952,approved,rental,No,Male,,Hispanic / Latinx,5,3,"15, 12, 11",2022-01-16T20:57:26.236Z
HAP1944,approved,rental,No,Female,White,Non-Hispanic / Non-Latinx,3,1,7 weeks,2022-01-16T19:43:42.295Z
HAP539,approved,rental,No,Female,Black or African American,Non-Hispanic / Non-Latinx,4,3,"17,12,7",2022-01-16T19:32:29.050Z
HAP1076,approved,rental,No,Male,White,Non-Hispanic / Non-Latinx,4,2,"2,1",2022-01-16T19:17:56.205Z
HAP1896,approved,rental,Yes,Male,White,Non-Hispanic / Non-Latinx,3,1,4,2022-01-16T19:03:46.335Z
HAP644,approved,rental,Yes,Female,Black or African American,Non-Hispanic / Non-Latinx,2,1,0,2022-01-16T18:52:48.405Z
HAP1872,approved,rental,No,Female,White,Non-Hispanic / Non-Latinx,2,1,11,2022-01-16T18:42:32.706Z
HAP1106,approved,rental,No,Female,White,Non-Hispanic / Non-Latinx,3,2,"10,14",2022-01-16T18:35:16.529Z
HAP1927,approved,rental,No,Female,Native Hawaiian or Other Pacific Islander,Non-Hispanic / Non-Latinx,2,2,"9,4",2022-01-16T04:22:40.563Z
HAP1939,approved,rental,No,Female,White,Non-Hispanic / Non-Latinx,3,1,12,2022-01-16T04:10:54.516Z
HAP1945,approved,rental,No,Female,White,Non-Hispanic / Non-Latinx,3,2,"11,14",2022-01-16T04:05:25.164Z
HAP1823,approved,rental,No,Female,White,Non-Hispanic / Non-Latinx,3,2,"6,2",2022-01-16T03:33:01.681Z
HAP1807,approved,rental,Yes,Female,Black or African American,Non-Hispanic / Non-Latinx,4,3,"1,5,4",2022-01-16T02:52:14.067Z
HAP86,approved,rental,No,Female,Multi-Racial,Non-Hispanic / Non-Latinx,2,1,17,2022-01-16T02:43:05.673Z
HAP1756,approved,rental,No,Female,White,Non-Hispanic / Non-Latinx,3,1,10,2022-01-16T02:34:23.264Z
HAP1868,approved,rental,Yes,Female,Black or African American,Non-Hispanic / Non-Latinx,2,1,3 Mo,2022-01-16T02:27:49.829Z
HAP1471,approved,rental,No,Female,White,Non-Hispanic / Non-Latinx,3,1,1,2022-01-16T02:17:10.231Z
HAP220,approved,rental,No,Female,Multi-Racial,Non-Hispanic / Non-Latinx,5,2,"7, 1",2022-01-10T23:49:26.128Z
HAP253,approved,rental,No,Female,White,Non-Hispanic / Non-Latinx,3,2,"5,3",2022-01-10T23:29:55.525Z
HAP394,approved,rental,No,Male,Native Hawaiian or Other Pacific Islander,Non-Hispanic / Non-Latinx,5,2,"7, 3",2022-01-10T23:20:46.815Z
HAP783,approved,rental,No,Female,White,Non-Hispanic / Non-Latinx,4,1,11,2022-01-10T02:42:51.969Z
HAP73,approved,rental,No,Female,Multi-Racial,Non-Hispanic / Non-Latinx,4,3,"8,6,1",2022-01-10T02:04:04.616Z
HAP548,approved,rental,Yes,Female,Multi-Racial,Hispanic / Latinx,3,2,"2, 3months ",2022-01-10T02:00:29.061Z
HAP1933,approved,rental,No,Female,Multi-Racial,Non-Hispanic / Non-Latinx,5,4,"13, 13, 11, 8",2022-01-10T01:48:25.310Z
HAP1916,approved,rental,No,Male,White,Non-Hispanic / Non-Latinx,5,3,"14, 15, 17",2022-01-10T01:33:17.071Z
HAP324,approved,rental,No,Female,White,Hispanic / Latinx,3,2,"4, 6",2022-01-10T01:24:21.265Z
HAP1775,approved,rental,No,Female,White,Non-Hispanic / Non-Latinx,6,4,"15, 9, 3, newborn",2022-01-10T01:03:48.580Z
HAP1836,approved,rental,Yes,Male,White,Non-Hispanic / Non-Latinx,2,1,10 months,2022-01-10T00:54:20.803Z
HAP1131,approved,rental,No,Female,,Hispanic / Latinx,5,4,"11,4,3,2mths",2022-01-10T00:46:31.705Z
HAP1803,approved,rental,No,Female,White,Non-Hispanic / Non-Latinx,5,2,"16,13",2022-01-10T00:41:57.964Z
HAP466,approved,rental,No,Male,White,Non-Hispanic / Non-Latinx,2,1,13,2022-01-10T00:37:18.302Z
HAP1923,approved,rental,No,Female,Native Hawaiian or Other Pacific Islander,Non-Hispanic / Non-Latinx,6,4,"16, 17, 14, 12",2022-01-10T00:28:36.956Z
HAP1895,approved,rental,No,Female,,Hispanic / Latinx,6,1,13,2022-01-09T02:39:24.281Z
HAP1464,approved,rental,No,Female,Native Hawaiian or Other Pacific Islander,Non-Hispanic / Non-Latinx,8,6,"12,10,10,5,3,1",2022-01-09T02:18:32.614Z
HAP1772,approved,rental,No,Female,Multi-Racial,Non-Hispanic / Non-Latinx,5,1,9,2022-01-09T02:13:51.983Z
HAP1885,approved,rental,No,Male,White,Hispanic / Latinx,3,1,2,2022-01-09T01:49:39.169Z
HAP1921,approved,rental,No,Female,White,Non-Hispanic / Non-Latinx,4,3,"16,13,7",2022-01-09T01:42:32.957Z
HAP1924,approved,rental,No,Female,White,Non-Hispanic / Non-Latinx,2,1,16,2022-01-09T01:28:50.685Z
HAP1710,approved,rental,Yes,Female,White,Non-Hispanic / Non-Latinx,5,3,"0,3,4",2022-01-09T01:23:34.251Z
HAP804,approved,rental,No,Male,White,Non-Hispanic / Non-Latinx,2,1,13,2022-01-09T01:00:09.433Z
HAP1260,approved,rental,No,Female,White,Non-Hispanic / Non-Latinx,3,1,1,2022-01-07T01:38:34.935Z
HAP838,approved,rental,No,Female,White,Non-Hispanic / Non-Latinx,3,2,"3 years, 6 months",2022-01-07T01:01:56.934Z
HAP1913,approved,rental,No,Male,Native Hawaiian or Other Pacific Islander,Non-Hispanic / Non-Latinx,5,3,"3,7,15",2022-01-07T00:39:39.391Z
HAP1889,approved,rental,No,Male,White,Non-Hispanic / Non-Latinx,2,1,10,2022-01-07T00:14:45.006Z
HAP832,approved,rental,No,Male,White,Non-Hispanic / Non-Latinx,5,3,"1, 8, 11",2022-01-07T00:09:16.859Z
HAP1698,approved,rental,No,Male,White,Non-Hispanic / Non-Latinx,3,1,10,2022-01-07T00:00:57.965Z
HAP1824,approved,rental,No,Female,Black or African American,Non-Hispanic / Non-Latinx,5,1,5,2022-01-06T23:31:52.660Z
HAP1819,approved,rental,No,Male,White,Non-Hispanic / Non-Latinx,6,4,"12,11,9,4",2022-01-06T22:47:19.237Z
HAP1660,approved,rental,No,Female,,Hispanic / Latinx,4,3,"17,16,12",2022-01-06T22:37:32.566Z
HAP1585,approved,rental,No,Female,Native Hawaiian or Other Pacific Islander,Non-Hispanic / Non-Latinx,4,2,"9, 6",2022-01-06T19:52:41.380Z
HAP1829,approved,rental,No,Female,Native Hawaiian or Other Pacific Islander,Non-Hispanic / Non-Latinx,8,3,"13,10,6",2022-01-05T19:58:06.636Z
HAP1259,approved,rental,No,Female,White,Hispanic / Latinx,6,4,"13,12,8,1, and baby in 2 months",2022-01-05T19:43:33.740Z
HAP997,approved,rental,No,Female,White,Non-Hispanic / Non-Latinx,3,2,"5,2",2021-12-29T23:50:21.522Z
HAP95,approved,rental,No,Female,Multi-Racial,Non-Hispanic / Non-Latinx,3,1,11,2021-12-29T23:40:05.468Z
HAP1774,approved,rental,No,Female,White,Non-Hispanic / Non-Latinx,4,2,"1,13",2021-12-29T23:17:53.479Z
HAP1864,approved,rental,No,Male,White,Non-Hispanic / Non-Latinx,4,2,"2, 0.5",2021-12-28T21:21:23.113Z
HAP1877,approved,rental,No,Female,Multi-Racial,Non-Hispanic / Non-Latinx,4,3,"15,11,9",2021-12-28T21:14:46.242Z
HAP1859,approved,rental,Yes,Male,White,Non-Hispanic / Non-Latinx,4,2,"5, 2",2021-12-28T20:52:18.555Z
HAP1486,approved,rental,No,Male,White,Non-Hispanic / Non-Latinx,4,3,"11,14,15",2021-12-28T20:36:51.910Z
HAP716,approved,rental,No,Female,White,Non-Hispanic / Non-Latinx,6,4,"Newborn, 2, 4, 12",2021-12-28T20:25:35.009Z
HAP1825,approved,rental,No,Male,Multi-Racial,Non-Hispanic / Non-Latinx,3,2,"15, 18",2021-12-27T21:01:57.017Z
HAP1798,approved,rental,No,Female,Black or African American,Non-Hispanic / Non-Latinx,5,4,"17, 10, 7, 5",2021-12-27T20:52:00.991Z
HAP1858,approved,rental,Yes,Female,Multi-Racial,Non-Hispanic / Non-Latinx,2,1,0,2021-12-27T20:40:12.146Z
HAP106,approved,rental,No,Male,Multi-Racial,Non-Hispanic / Non-Latinx,4,1,2,2021-12-27T20:30:16.349Z
HAP1861,approved,rental,Yes,Female,Black or African American,Non-Hispanic / Non-Latinx,3,1,1,2021-12-27T20:12:27.154Z
HAP1796,approved,rental,No,Female,White,Non-Hispanic / Non-Latinx,4,2,"7, 7",2021-12-27T20:05:13.327Z
HAP1729,approved,rental,No,Female,White,Non-Hispanic / Non-Latinx,5,3,"16, 14, 8",2021-12-27T19:55:18.445Z
HAP1583,approved,rental,No,Male,White,Non-Hispanic / Non-Latinx,3,1,4,2021-12-27T19:34:24.823Z
HAP438,approved,rental,No,Male,Native Hawaiian or Other Pacific Islander,Non-Hispanic / Non-Latinx,9,7,,2021-12-27T19:27:37.181Z
HAP1237,approved,rental,No,Female,Multi-Racial,Non-Hispanic / Non-Latinx,3,2,13,2021-12-27T19:06:02.120Z
HAP1812,approved,rental,No,Female,Multi-Racial,Hispanic / Latinx,7,6,"2, 5, 7, 9, 12, 14",2021-12-24T00:22:41.286Z
HAP863,approved,rental,No,Male,Native Hawaiian or Other Pacific Islander,Non-Hispanic / Non-Latinx,7,5,"14, 11, 11, 9, 5",2021-12-24T00:05:36.783Z
HAP1539,approved,rental,No,Female,White,Non-Hispanic / Non-Latinx,6,4,"7, 10, 14, 16",2021-12-23T23:51:03.277Z
HAP1838,approved,rental,No,Female,Black or African American,Non-Hispanic / Non-Latinx,3,2,"3,1",2021-12-23T23:00:01.578Z
HAP840,approved,rental,Yes,Male,Native Hawaiian or Other Pacific Islander,Hispanic / Latinx,2,1,1,2021-12-23T22:11:56.832Z
HAP942,approved,rental,No,Female,White,Non-Hispanic / Non-Latinx,5,3,"6, 13, 15",2021-12-23T21:10:51.477Z
HAP1000,approved,rental,No,Female,White,Non-Hispanic / Non-Latinx,1,1,3,2021-12-22T23:54:45.563Z
HAP1857,approved,rental,No,Male,White,Non-Hispanic / Non-Latinx,4,2,"5, 3",2021-12-21T23:09:24.251Z
HAP700,approved,rental,Yes,Female,White,Non-Hispanic / Non-Latinx,3,1,4,2021-12-21T22:49:31.327Z
HAP1856,approved,rental,No,Male,White,Non-Hispanic / Non-Latinx,4,3,"7,8,15",2021-12-21T22:18:43.477Z
HAP1855,approved,rental,No,Male,White,Non-Hispanic / Non-Latinx,5,3,"5,8,12",2021-12-21T21:56:19.565Z
HAP1813,approved,rental,No,Female,Multi-Racial,Non-Hispanic / Non-Latinx,4,3,"6,9,12",2021-12-21T21:33:46.340Z
HAP1608,approved,rental,No,Female,Multi-Racial,Non-Hispanic / Non-Latinx,6,4,"9, 5, 2, 6 mo",2021-12-21T21:20:28.049Z
HAP627,approved,rental,No,Female,White,Non-Hispanic / Non-Latinx,8,6,"13,12,10,8,6,6",2021-12-21T20:54:11.641Z
HAP139,approved,rental,No,Female,Multi-Racial,Non-Hispanic / Non-Latinx,4,2,"8, 9",2021-12-20T22:17:11.984Z
HAP1466,approved,rental,No,Female,White,Non-Hispanic / Non-Latinx,4,2,"4,1",2021-12-17T23:57:50.293Z
HAP1845,approved,rental,No,Female,White,Non-Hispanic / Non-Latinx,3,2,"9, 6",2021-12-17T23:25:25.458Z
HAP1793,approved,rental,Yes,Male,Black or African American,Non-Hispanic / Non-Latinx,3,1,6 months,2021-12-17T22:59:30.983Z
HAP1816,approved,rental,No,Female,White,Non-Hispanic / Non-Latinx,3,2,"15, 6",2021-12-17T22:37:03.319Z
HAP1619,approved,rental,No,Female,White,Non-Hispanic / Non-Latinx,3,2,"13, 7",2021-12-17T22:28:35.279Z
HAP1837,approved,rental,No,Female,Native Hawaiian or Other Pacific Islander,Non-Hispanic / Non-Latinx,4,2,"11,2",2021-12-17T22:14:49.927Z
HAP1833,approved,rental,No,Female,American Indian or Alaska Native,Non-Hispanic / Non-Latinx,3,1,13,2021-12-17T00:08:47.666Z
HAP1036,approved,rental,No,Female,White,Non-Hispanic / Non-Latinx,4,2,"8,12",2021-12-16T23:36:29.620Z
HAP1622,approved,rental,No,Female,Multi-Racial,Non-Hispanic / Non-Latinx,6,2,"13,10",2021-12-16T22:57:56.822Z
HAP1490,approved,rental,No,Male,White,Hispanic / Latinx,4,3,"11,9,5",2021-12-16T22:20:44.144Z
HAP1764,approved,rental,Yes,Female,White,Hispanic / Latinx,2,1,4,2021-12-16T21:46:01.470Z
HAP1003,approved,rental,No,Female,White,Non-Hispanic / Non-Latinx,3,1,12,2021-12-16T21:34:52.019Z
HAP1402,approved,rental,No,Male,White,Non-Hispanic / Non-Latinx,2,1,4,2021-12-16T21:24:43.027Z
HAP1156,approved,rental,Yes,Male,American Indian or Alaska Native,Non-Hispanic / Non-Latinx,7,5,"4,10,13,15,18",2021-12-16T20:40:33.082Z
HAP952,approved,rental,No,Female,White,Non-Hispanic / Non-Latinx,1,0,Im pregnant,2021-12-16T20:07:23.638Z
HAP1826,approved,rental,No,Male,Client refused,Non-Hispanic / Non-Latinx,3,1,8,2021-12-16T01:01:42.438Z
HAP302,approved,rental,No,Female,White,Non-Hispanic / Non-Latinx,5,3,"17,12,10",2021-12-16T00:22:11.901Z
HAP1814,approved,rental,No,Female,White,Hispanic / Latinx,3,2,"15,13",2021-12-16T00:08:18.760Z
HAP1831,approved,rental,No,Male,White,Non-Hispanic / Non-Latinx,2,1,15,2021-12-15T23:26:31.873Z
HAP1512,approved,rental,No,Female,White,Non-Hispanic / Non-Latinx,5,2,"13,4",2021-12-15T23:19:55.757Z
HAP1786,approved,rental,No,Female,,Hispanic / Latinx,2,1,6,2021-12-14T23:04:44.692Z
HAP1491,approved,rental,No,Female,White,Non-Hispanic / Non-Latinx,3,2,"5,6",2021-12-14T22:58:04.718Z
HAP1828,approved,rental,Yes,Female,American Indian or Alaska Native,Hispanic / Latinx,3,2,5 months and 18 months,2021-12-14T22:48:04.681Z
HAP1804,approved,rental,No,Female,White,Non-Hispanic / Non-Latinx,5,4,"10,8,6,2",2021-12-14T22:35:18.070Z
HAP1400,approved,rental,No,Female,White,Non-Hispanic / Non-Latinx,2,1,10,2021-12-14T00:18:52.084Z
HAP1329,approved,rental,No,Female,Multi-Racial,Non-Hispanic / Non-Latinx,6,4,"9,7,6,1",2021-12-14T00:12:02.003Z
HAP1059,approved,rental,No,Female,American Indian or Alaska Native,Hispanic / Latinx,5,3,"14,6,7",2021-12-13T23:56:48.096Z
HAP1354,approved,rental,No,Male,Multi-Racial,Non-Hispanic / Non-Latinx,2,1,6,2021-12-13T23:34:03.523Z
HAP1284,approved,rental,No,Male,White,Non-Hispanic / Non-Latinx,4,2,"7, 1",2021-12-10T21:54:09.044Z
HAP1128,approved,rental,No,Female,White,Non-Hispanic / Non-Latinx,5,4,"16, 14, 12, 18",2021-12-10T21:41:58.098Z
HAP1811,approved,rental,Yes,Male,White,Non-Hispanic / Non-Latinx,3,1,Unborn,2021-12-10T21:20:48.265Z
HAP1432,approved,rental,No,Male,White,Non-Hispanic / Non-Latinx,2,1,4,2021-12-09T22:55:07.610Z
HAP1788,approved,rental,Yes,Female,White,Non-Hispanic / Non-Latinx,4,2,"2,4",2021-12-09T22:48:19.854Z
HAP1755,approved,rental,No,Female,White,Non-Hispanic / Non-Latinx,2,1,6,2021-12-09T22:30:32.381Z
HAP1359,approved,rental,No,Female,Black or African American,Non-Hispanic / Non-Latinx,6,4,"15, 15, 3, 4",2021-12-09T22:21:00.615Z
HAP1250,approved,rental,No,Female,White,Non-Hispanic / Non-Latinx,2,1,13,2021-12-09T22:09:24.411Z
HAP1744,approved,rental,No,Female,White,Non-Hispanic / Non-Latinx,2,1,4,2021-12-09T21:54:36.134Z
HAP226,approved,rental,Yes,Female,White,Non-Hispanic / Non-Latinx,4,1,4 months,2021-12-08T23:23:17.359Z
HAP1769,approved,rental,No,Female,White,Non-Hispanic / Non-Latinx,7,5,"17, 14, 13, 11, 8",2021-12-08T22:53:37.321Z
HAP1007,approved,rental,No,Male,White,Non-Hispanic / Non-Latinx,3,2,"3, 1",2021-12-08T22:32:58.672Z
HAP569,approved,rental,No,Female,Multi-Racial,Hispanic / Latinx,3,2,"8, 10",2021-12-08T22:09:53.528Z
HAP1799,approved,rental,No,Female,Client refused,Non-Hispanic / Non-Latinx,6,4,"14, 13, 7, 3",2021-12-08T00:35:19.445Z
HAP1196,approved,rental,No,Female,White,Non-Hispanic / Non-Latinx,2,1,5,2021-12-08T00:19:36.805Z
HAP1641,approved,rental,No,Female,Black or African American,Non-Hispanic / Non-Latinx,3,2,14 & 16,2021-12-08T00:05:46.082Z
HAP556,approved,rental,No,Female,White,Non-Hispanic / Non-Latinx,3,1,7,2021-12-07T23:59:58.828Z
HAP1369,approved,rental,No,Female,Multi-Racial,Non-Hispanic / Non-Latinx,5,3,"7,8,14",2021-12-07T22:54:33.746Z
HAP688,approved,rental,No,Female,White,Non-Hispanic / Non-Latinx,5,2,"10, 13",2021-12-07T20:29:11.894Z
HAP688,approved,rental,No,Female,White,Non-Hispanic / Non-Latinx,5,2,"10, 13",2021-12-07T20:21:09.599Z
HAP1791,approved,rental,No,Female,Native Hawaiian or Other Pacific Islander,Non-Hispanic / Non-Latinx,4,1,6,2021-12-07T19:57:42.760Z
HAP1307,approved,rental,No,Female,Multi-Racial,Non-Hispanic / Non-Latinx,2,1,3,2021-12-07T19:36:23.617Z
HAP1794,approved,rental,No,Female,White,Hispanic / Latinx,3,2,"8, 2",2021-12-06T21:20:09.508Z
HAP1196,approved,rental,No,Female,White,Non-Hispanic / Non-Latinx,2,1,5,2021-12-06T20:58:40.431Z
HAP1326,approved,rental,Yes,Female,White,Hispanic / Latinx,3,2,"1,3",2021-12-06T20:52:40.370Z
HAP1496,approved,rental,Yes,Female,White,Non-Hispanic / Non-Latinx,3,1,1,2021-12-06T20:42:27.030Z
HAP1120,approved,rental,Yes,Male,Multi-Racial,Non-Hispanic / Non-Latinx,4,2,"13, 1",2021-12-06T20:14:15.831Z
HAP1778,approved,rental,No,Female,Multi-Racial,Non-Hispanic / Non-Latinx,3,2,"11,8",2021-12-02T22:35:38.299Z
HAP1763,approved,rental,No,Male,White,Non-Hispanic / Non-Latinx,2,1,8,2021-12-02T22:11:15.075Z
HAP935,approved,rental,No,Male,White,Non-Hispanic / Non-Latinx,5,3,"16,11,7",2021-12-02T21:30:57.505Z
HAP1784,approved,rental,No,Female,,Hispanic / Latinx,4,3,"newborn, 4, 10",2021-12-02T20:55:05.448Z
HAP999,approved,rental,No,Female,White,Hispanic / Latinx,5,4,"12,11,7,4",2021-12-02T20:27:52.188Z
HAP1771,approved,rental,No,Female,White,Non-Hispanic / Non-Latinx,3,2,"7, 9",2021-12-01T23:51:38.672Z
HAP1476,approved,rental,No,Female,White,Non-Hispanic / Non-Latinx,3,1,2,2021-12-01T23:42:54.177Z
HAP1046,approved,rental,No,Female,White,Non-Hispanic / Non-Latinx,5,2,2,2021-12-01T23:01:05.325Z
HAP1318,approved,rental,No,Female,White,Non-Hispanic / Non-Latinx,2,1,5,2021-12-01T22:27:26.637Z
HAP1318,approved,rental,No,Female,White,Non-Hispanic / Non-Latinx,2,1,5,2021-12-01T22:25:15.421Z
HAP523,approved,rental,No,Female,Multi-Racial,Hispanic / Latinx,5,4,"9,6,5,3 ",2021-12-01T21:55:42.894Z
HAP672,approved,rental,No,Male,White,Non-Hispanic / Non-Latinx,4,2,"14, 8",2021-12-01T21:37:30.864Z
HAP859,approved,rental,No,Female,White,Non-Hispanic / Non-Latinx,3,1,9,2021-12-01T20:26:44.041Z
HAP1107,approved,rental,No,Female,White,Non-Hispanic / Non-Latinx,5,4,"10,8,4,1",2021-12-01T00:56:40.670Z
HAP1448,approved,rental,No,Female,Multi-Racial,Non-Hispanic / Non-Latinx,5,3,"3,8,10",2021-11-30T23:58:54.676Z
HAP1388,approved,rental,No,Female,White,Non-Hispanic / Non-Latinx,2,1,9,2021-11-30T23:43:00.545Z
HAP1678,approved,rental,Yes,Female,,Hispanic / Latinx,3,2,"1,9 months",2021-11-30T23:27:30.242Z
HAP1044,approved,rental,No,Female,White,Non-Hispanic / Non-Latinx,3,2,"4month , 2yr",2021-11-30T23:02:44.142Z
HAP1338,approved,rental,Yes,Female,Multi-Racial,Hispanic / Latinx,5,3,"2 months, 3, 8",2021-11-30T22:31:01.946Z
HAP1310,approved,rental,No,Male,White,Non-Hispanic / Non-Latinx,3,1,5,2021-11-30T21:52:56.534Z
HAP1560,approved,rental,No,Female,Multi-Racial,Non-Hispanic / Non-Latinx,3,2,"12, 19",2021-11-30T21:33:54.251Z
HAP1650,approved,rental,Yes,Female,White,Non-Hispanic / Non-Latinx,2,1,3,2021-11-30T00:33:55.442Z
HAP808,approved,rental,No,Female,Multi-Racial,Non-Hispanic / Non-Latinx,7,5,"15,10.8,6,5",2021-11-29T23:59:26.949Z
HAP1636,approved,rental,No,Male,White,Non-Hispanic / Non-Latinx,4,1,13,2021-11-24T23:10:33.327Z
HAP1561,approved,rental,No,Female,White,Non-Hispanic / Non-Latinx,2,1,15,2021-11-24T20:17:17.252Z
HAP1731,approved,rental,No,Female,White,Non-Hispanic / Non-Latinx,2,1,6 months,2021-11-24T20:09:55.698Z
HAP1761,approved,rental,No,Female,White,Non-Hispanic / Non-Latinx,2,1,8,2021-11-24T18:42:31.895Z
HAP1658,approved,rental,No,Female,Multi-Racial,Non-Hispanic / Non-Latinx,3,1,14,2021-11-23T23:28:01.083Z
HAP1673,approved,rental,Yes,Female,Multi-Racial,Non-Hispanic / Non-Latinx,2,1,9 months ,2021-11-23T22:16:31.267Z
HAP1057,approved,rental,No,Female,Multi-Racial,Non-Hispanic / Non-Latinx,5,3,"15, 7, 5",2021-11-23T21:20:04.704Z
HAP1210,approved,rental,No,Female,White,Non-Hispanic / Non-Latinx,3,2,"6, 5 months",2021-11-22T20:01:51.882Z
HAP1338,approved,rental,Yes,Female,Multi-Racial,Hispanic / Latinx,5,3,"2 months, 3, 8",2021-11-19T23:26:19.884Z
HAP1739,approved,rental,No,Female,White,Non-Hispanic / Non-Latinx,2,1,6,2021-11-19T22:43:54.480Z
HAP1038,approved,rental,No,Female,White,Non-Hispanic / Non-Latinx,6,4,"9,11,12,15",2021-11-19T22:23:45.140Z
HAP1043,approved,rental,No,Female,Multi-Racial,Non-Hispanic / Non-Latinx,5,3,"1, 2, 10",2021-11-19T22:10:01.563Z
HAP1467,approved,rental,No,Male,White,Non-Hispanic / Non-Latinx,3,2,15-16,2021-11-19T21:21:46.305Z
HAP1760,approved,rental,No,Female,White,Non-Hispanic / Non-Latinx,3,1,2,2021-11-19T21:08:43.762Z
HAP1759,approved,rental,No,Male,Black or African American,Non-Hispanic / Non-Latinx,4,3,"6,2,2",2021-11-19T20:45:02.063Z
HAP1651,approved,rental,No,Male,White,Non-Hispanic / Non-Latinx,3,1,2,2021-11-19T20:36:06.479Z
HAP1736,approved,rental,No,Female,Black or African American,Non-Hispanic / Non-Latinx,2,1,8,2021-11-19T20:26:00.016Z
HAP1416,approved,rental,No,Male,White,Non-Hispanic / Non-Latinx,6,4,"12,9,8, new born baby",2021-11-19T20:15:09.130Z
HAP1167,approved,rental,No,Female,White,Non-Hispanic / Non-Latinx,3,2,"12, 9",2021-11-18T23:58:08.162Z
HAP1442,approved,rental,No,Female,Black or African American,Non-Hispanic / Non-Latinx,4,3,"6, 4,2 ",2021-11-18T23:23:34.285Z
HAP1469,approved,rental,No,Female,White,Non-Hispanic / Non-Latinx,3,2,"15,10",2021-11-18T23:05:58.121Z
HAP1342,approved,rental,No,Female,Multi-Racial,Hispanic / Latinx,4,2,"4,1",2021-11-18T22:47:25.866Z
HAP1555,approved,rental,Yes,Female,White,Non-Hispanic / Non-Latinx,1,0,pregnant,2021-11-18T22:32:41.752Z
HAP1724,approved,rental,No,Female,White,Non-Hispanic / Non-Latinx,3,1,5,2021-11-18T22:08:20.279Z
HAP1740,approved,rental,No,Female,White,Hispanic / Latinx,6,4,"10,8,6,3",2021-11-18T21:54:34.810Z
HAP550,approved,rental,No,Female,Multi-Racial,Non-Hispanic / Non-Latinx,2,2,"16, 18",2021-11-18T21:50:07.512Z
HAP629,approved,rental,Yes,Female,Multi-Racial,Non-Hispanic / Non-Latinx,2,1,5,2021-11-17T23:59:10.587Z
HAP1722,approved,rental,No,Male,Multi-Racial,Non-Hispanic / Non-Latinx,6,4,"2, 6, 13, 17",2021-11-17T00:42:23.414Z
HAP1270,approved,rental,No,Female,Black or African American,Non-Hispanic / Non-Latinx,3,2,"4, 6",2021-11-17T00:37:01.598Z
HAP1261,approved,rental,No,Female,White,Non-Hispanic / Non-Latinx,3,2,"3 ,9",2021-11-17T00:17:56.827Z
HAP634,approved,rental,No,Male,Multi-Racial,Non-Hispanic / Non-Latinx,2,1,2,2021-11-16T23:49:31.614Z
HAP1675,approved,rental,No,Female,Multi-Racial,Hispanic / Latinx,6,2,"10, 15",2021-11-16T22:31:32.351Z
HAP1010,approved,rental,No,Female,White,Non-Hispanic / Non-Latinx,3,1,6,2021-11-16T22:24:32.037Z
HAP349,approved,rental,No,Female,White,Non-Hispanic / Non-Latinx,3,2,"10, 15",2021-11-16T22:12:32.087Z
HAP1691,approved,rental,No,Male,White,Non-Hispanic / Non-Latinx,5,3,"9,6,7",2021-11-16T21:29:40.263Z
HAP1509,approved,rental,No,Female,Asian,Non-Hispanic / Non-Latinx,2,1,18 months,2021-11-16T19:46:18.818Z
HAP1513,approved,rental,No,Female,White,Non-Hispanic / Non-Latinx,3,2,"16 , 14",2021-11-15T22:01:55.183Z
HAP592,approved,rental,No,Female,White,Non-Hispanic / Non-Latinx,1,2,"14,12",2021-11-13T00:32:41.446Z
HAP1328,approved,rental,No,Female,White,Non-Hispanic / Non-Latinx,9,4,"2,4,6,15",2021-11-13T00:26:34.738Z
HAP912,approved,rental,No,Female,White,Non-Hispanic / Non-Latinx,3,2,"17, 12",2021-11-12T23:48:08.238Z
HAP882,approved,rental,No,Female,White,Non-Hispanic / Non-Latinx,2,1,14,2021-11-12T23:04:19.757Z
HAP337,approved,rental,Yes,Male,White,Non-Hispanic / Non-Latinx,5,3,"4, 3, 0",2021-11-12T22:18:51.638Z
HAP1677,approved,rental,No,Female,Multi-Racial,Non-Hispanic / Non-Latinx,3,1,2,2021-11-12T22:12:52.966Z
HAP1079,approved,rental,No,Male,White,Non-Hispanic / Non-Latinx,5,3,"7, 5 ,8months",2021-11-12T18:34:05.722Z
HAP1574,approved,rental,No,Female,White,Non-Hispanic / Non-Latinx,4,3,15 14 9,2021-11-12T17:48:02.536Z
HAP1518,approved,rental,No,Female,Black or African American,Hispanic / Latinx,3,2,"7, 3",2021-11-12T17:21:05.608Z
HAP1503,approved,rental,Yes,Female,White,Non-Hispanic / Non-Latinx,2,1,unborn ,2021-11-12T00:41:42.179Z
HAP1356,approved,rental,No,Male,White,Non-Hispanic / Non-Latinx,4,2,"4, 2",2021-11-12T00:31:22.491Z
HAP118,approved,rental,No,Female,,Hispanic / Latinx,4,1,,2021-11-11T23:47:06.761Z
HAP1183,approved,rental,No,Female,Black or African American,Non-Hispanic / Non-Latinx,3,2,"16,9",2021-11-11T23:40:33.809Z
HAP1287,approved,rental,No,Male,Multi-Racial,Non-Hispanic / Non-Latinx,3,2,"11,2",2021-11-11T23:00:00.622Z
HAP1572,approved,rental,No,Female,White,Hispanic / Latinx,4,2,"14, 17",2021-11-11T21:12:15.205Z
HAP1535,approved,rental,No,Female,White,Non-Hispanic / Non-Latinx,3,1,15,2021-11-11T20:58:45.794Z
HAP1533,approved,rental,No,Female,White,Non-Hispanic / Non-Latinx,7,5,"12,11,8,6,4",2021-11-11T20:28:25.188Z
HAP1451,approved,rental,No,Female,Black or African American,Non-Hispanic / Non-Latinx,3,2,"15,7",2021-11-11T19:36:55.571Z
HAP1392,approved,rental,No,Female,White,Non-Hispanic / Non-Latinx,4,2,"9, 2 months",2021-11-11T19:13:58.919Z
HAP1387,approved,rental,No,Male,White,Non-Hispanic / Non-Latinx,5,3,"7,13,15",2021-11-11T19:06:22.005Z
HAP1357,approved,rental,Yes,Male,Multi-Racial,Non-Hispanic / Non-Latinx,2,1,4 months ,2021-11-11T18:47:46.007Z
HAP1349,approved,rental,No,Female,Multi-Racial,Non-Hispanic / Non-Latinx,2,1,13,2021-11-11T18:10:28.083Z
HAP1538,approved,rental,No,Female,American Indian or Alaska Native,Non-Hispanic / Non-Latinx,7,5,"13, 8, 8, 7 months 3 months",2021-11-10T18:15:26.506Z
HAP1050,approved,rental,No,Female,Multi-Racial,Non-Hispanic / Non-Latinx,4,3,"9, 5, 2",2021-11-10T18:05:54.308Z
HAP1255,approved,rental,No,Female,Multi-Racial,Non-Hispanic / Non-Latinx,3,2,"5, 2",2021-11-09T23:32:59.704Z
HAP1723,approved,rental,No,Male,White,Non-Hispanic / Non-Latinx,4,3,"3, 5, 10",2021-11-09T23:22:08.177Z
HAP1705,approved,rental,Yes,Female,Multi-Racial,Non-Hispanic / Non-Latinx,5,3,"5,2,1",2021-11-09T22:26:15.088Z
HAP658,approved,rental,No,Female,White,Non-Hispanic / Non-Latinx,3,2,"11,2",2021-11-08T17:44:41.632Z
HAP1004,approved,rental,No,Female,Multi-Racial,Non-Hispanic / Non-Latinx,5,3,"16,14,13",2021-11-04T20:03:00.587Z
HAP183,approved,rental,No,Male,White,Non-Hispanic / Non-Latinx,3,1,14,2021-11-04T19:41:44.171Z
HAP1568,approved,rental,No,Male,White,Non-Hispanic / Non-Latinx,3,1,16,2021-11-04T19:35:49.380Z
HAP661,approved,rental,No,Female,Multi-Racial,Non-Hispanic / Non-Latinx,3,2,"5,2",2021-11-04T19:06:16.607Z
HAP751,approved,rental,No,Female,White,Non-Hispanic / Non-Latinx,3,2,"9,7",2021-11-04T18:56:21.267Z
HAP902,approved,rental,No,Male,White,Non-Hispanic / Non-Latinx,3,1,2,2021-11-04T18:31:32.895Z
HAP889,approved,rental,No,Female,White,Hispanic / Latinx,2,1,7,2021-11-04T04:45:17.729Z
HAP1053,approved,rental,No,Male,White,Non-Hispanic / Non-Latinx,4,2,"18,16",2021-11-04T04:13:49.494Z
HAP749,approved,rental,No,Female,Multi-Racial,Non-Hispanic / Non-Latinx,6,4,"9, 11, 13, 14",2021-11-03T23:12:55.462Z
HAP755,approved,rental,No,Female,Multi-Racial,Hispanic / Latinx,4,2,"10,8,2",2021-11-03T22:54:06.899Z
HAP1122,approved,rental,No,Female,Multi-Racial,Non-Hispanic / Non-Latinx,7,5,"15,14,9,8,1",2021-11-03T22:38:48.741Z
HAP1570,approved,rental,No,Female,American Indian or Alaska Native,Hispanic / Latinx,2,1,5,2021-11-03T20:05:13.402Z
HAP436,approved,rental,No,Male,Multi-Racial,Non-Hispanic / Non-Latinx,4,2,"4,1 MONTH",2021-11-03T19:36:37.790Z
HAP1390,approved,rental,Yes,Female,White,Non-Hispanic / Non-Latinx,3,1,2,2021-11-03T19:21:39.749Z
HAP1623,approved,rental,No,Female,Client refused,Non-Hispanic / Non-Latinx,2,1,12,2021-11-03T19:06:30.896Z
HAP883,approved,rental,Yes,Female,Multi-Racial,Non-Hispanic / Non-Latinx,4,2,"2,1",2021-11-01T14:44:29.792Z
HAP946,approved,rental,No,Female,Black or African American,Non-Hispanic / Non-Latinx,5,3,"1,2,14",2021-10-28T16:17:45.695Z
HAP1588,approved,rental,No,Female,Multi-Racial,Non-Hispanic / Non-Latinx,3,2,"6, 2",2021-10-20T15:58:59.567Z
HAP1203,approved,rental,No,Male,White,Hispanic / Latinx,2,3,"8, 4",2021-10-20T15:56:36.095Z
HAP1410,approved,rental,Yes,Female,White,Non-Hispanic / Non-Latinx,3,1,4 months,2021-10-18T17:03:45.175Z
HAP1206,approved,rental,Yes,Female,White,Non-Hispanic / Non-Latinx,4,2,"2, 6weeks",2021-10-18T16:56:07.372Z
HAP1189,approved,rental,No,Female,White,Non-Hispanic / Non-Latinx,4,2,"15, 11",2021-10-15T17:29:14.342Z
HAP841,approved,rental,No,Female,White,Non-Hispanic / Non-Latinx,2,1,3,2021-10-14T18:27:57.374Z
HAP973,approved,rental,No,Male,Client refused,Hispanic / Latinx,2,1,7,2021-10-14T18:19:29.151Z
HAP89,approved,rental,No,Male,White,Non-Hispanic / Non-Latinx,5,3,"15, 10, 8",2021-10-14T17:58:49.803Z
HAP929,approved,rental,No,Female,Multi-Racial,Non-Hispanic / Non-Latinx,2,1,17,2021-10-13T18:42:13.041Z
HAP417,approved,rental,No,Female,Multi-Racial,Non-Hispanic / Non-Latinx,5,4,,2021-10-13T16:56:34.081Z
HAP813,approved,rental,No,Female,Multi-Racial,Non-Hispanic / Non-Latinx,4,2,"11 months, 11 months",2021-10-13T16:46:10.600Z
HAP1166,approved,rental,No,Male,Client refused,Non-Hispanic / Non-Latinx,6,5,"16,11,7,2,1",2021-10-12T21:46:18.611Z
HAP448,approved,rental,No,,White,Non-Hispanic / Non-Latinx,2,1,10,2021-10-12T06:57:16.796Z
HAP920,approved,rental,No,Female,White,Non-Hispanic / Non-Latinx,3,2,"15,13",2021-10-12T06:52:15.794Z
HAP458,approved,rental,No,Male,White,Hispanic / Latinx,4,2,"12, 4",2021-10-12T06:34:42.429Z
HAP403,approved,rental,Yes,Female,Multi-Racial,Non-Hispanic / Non-Latinx,1,2,"1 , 3",2021-10-12T06:21:06.512Z
HAP1061,approved,rental,No,Female,White,Non-Hispanic / Non-Latinx,4,2,"9,14",2021-10-11T03:38:02.160Z
HAP832,approved,rental,No,Male,White,Non-Hispanic / Non-Latinx,5,3,"1, 8, 11",2021-10-07T17:10:25.440Z
HAP1204,approved,rental,No,Female,White,Non-Hispanic / Non-Latinx,2,1,13,2021-10-06T23:12:53.854Z
HAP1279,approved,rental,No,Female,Multi-Racial,Non-Hispanic / Non-Latinx,4,3,"13,3,7",2021-10-06T22:47:11.953Z
HAP267,approved,rental,No,Female,,Hispanic / Latinx,2,1,10,2021-10-05T23:32:57.624Z
HAP819,approved,rental,No,Female,White,Non-Hispanic / Non-Latinx,4,3,15/17/17,2021-10-05T23:08:44.647Z
HAP1267,approved,rental,No,Female,Multi-Racial,Hispanic / Latinx,4,3,"15,7,0",2021-10-05T23:07:52.993Z
HAP1238,approved,rental,No,Female,White,Non-Hispanic / Non-Latinx,2,1,6,2021-10-05T19:58:47.225Z
HAP1052,approved,rental,No,Female,Multi-Racial,Non-Hispanic / Non-Latinx,3,2,"13,9",2021-10-04T21:02:11.443Z
HAP880,approved,rental,No,Female,Multi-Racial,Non-Hispanic / Non-Latinx,5,4,"1,2,5,7",2021-09-30T23:27:59.149Z
HAP1343,approved,rental,No,Female,Multi-Racial,Hispanic / Latinx,3,2,"14,1",2021-09-30T23:26:48.300Z
HAP1308,approved,rental,No,Male,Native Hawaiian or Other Pacific Islander,Non-Hispanic / Non-Latinx,4,1,17,2021-09-30T23:25:45.196Z
HAP587,approved,rental,No,Female,White,Non-Hispanic / Non-Latinx,2,1,7,2021-09-30T21:45:25.004Z
HAP389,approved,rental,No,Female,White,Hispanic / Latinx,3,2,"7,4",2021-09-30T20:34:27.584Z
HAP1219,approved,rental,No,Male,Multi-Racial,Non-Hispanic / Non-Latinx,4,3,"6,10,15",2021-09-30T20:15:51.204Z
HAP943,approved,rental,No,Male,White,Non-Hispanic / Non-Latinx,4,1,14,2021-09-30T03:05:41.216Z
HAP955,approved,rental,No,Female,American Indian or Alaska Native,Hispanic / Latinx,2,1,8,2021-09-30T02:51:07.884Z
HAP967,approved,rental,No,Female,White,Non-Hispanic / Non-Latinx,3,2,"15,8",2021-09-29T22:35:35.734Z
HAP531,approved,rental,No,Female,Black or African American,Non-Hispanic / Non-Latinx,4,3,"11, 6, 1",2021-09-29T17:55:10.323Z
HAP426,approved,rental,Yes,Male,White,Non-Hispanic / Non-Latinx,3,2,"1,2",2021-09-29T06:03:23.348Z
HAP664,approved,rental,No,Male,White,Non-Hispanic / Non-Latinx,2,1,17,2021-09-29T04:27:33.092Z
HAP1027,approved,rental,No,Female,White,Non-Hispanic / Non-Latinx,2,1,2,2021-09-29T03:49:10.306Z
HAP326,approved,rental,No,Female,White,Hispanic / Latinx,4,2,,2021-09-29T03:09:59.477Z
HAP1199,approved,rental,No,Male,White,Hispanic / Latinx,5,3,"0, 1, 2, 5",2021-09-28T23:15:13.399Z
HAP1238,approved,rental,No,Female,White,Non-Hispanic / Non-Latinx,2,1,6,2021-09-28T17:19:03.363Z
HAP1238,approved,rental,No,Female,White,Non-Hispanic / Non-Latinx,2,1,6,2021-09-28T17:13:36.169Z
HAP896,approved,rental,No,Female,Black or African American,Non-Hispanic / Non-Latinx,3,1,"8, unborn",2021-09-27T22:02:08.179Z
HAP1355,approved,rental,No,Female,Native Hawaiian or Other Pacific Islander,Non-Hispanic / Non-Latinx,2,1,12,2021-09-27T21:19:22.476Z
HAP327,approved,rental,No,Male,White,Non-Hispanic / Non-Latinx,2,1,10,2021-09-24T20:20:00.575Z
HAP1094,approved,rental,No,Female,White,Non-Hispanic / Non-Latinx,3,2,"8,9months",2021-09-23T16:48:47.038Z
HAP625,approved,rental,No,Female,White,Non-Hispanic / Non-Latinx,3,1,12,2021-09-21T20:20:09.052Z
HAP761,approved,rental,No,Female,White,Non-Hispanic / Non-Latinx,5,3,"8, 3, 1",2021-09-21T19:47:15.089Z
HAP1056,approved,rental,No,Male,White,Non-Hispanic / Non-Latinx,2,1,11,2021-09-21T18:52:53.847Z
HAP691,approved,rental,No,Female,Multi-Racial,Non-Hispanic / Non-Latinx,4,3,"12, 18, 18",2021-09-21T18:21:10.162Z
HAP1104,approved,rental,No,Female,Multi-Racial,Non-Hispanic / Non-Latinx,3,2,"2, 0",2021-09-21T18:12:09.845Z
HAP1306,approved,rental,No,Female,White,Hispanic / Latinx,8,6,"3,5,6,7,9,14",2021-09-21T17:57:50.494Z
HAP1247,approved,rental,No,Female,Black or African American,Non-Hispanic / Non-Latinx,2,1,15,2021-09-21T17:44:33.264Z
HAP959,approved,rental,No,Female,Native Hawaiian or Other Pacific Islander,Non-Hispanic / Non-Latinx,5,2,"10, 3",2021-09-21T16:32:06.092Z
HAP637,approved,rental,No,Male,White,Non-Hispanic / Non-Latinx,4,2,17 15,2021-09-21T06:33:21.929Z
HAP380,approved,rental,No,Female,Multi-Racial,Non-Hispanic / Non-Latinx,3,2,"17, 5",2021-09-21T06:26:19.125Z
HAP921,approved,rental,No,Male,Multi-Racial,Hispanic / Latinx,3,1,3,2021-09-21T06:18:50.325Z
HAP774,approved,rental,No,Female,Multi-Racial,Non-Hispanic / Non-Latinx,4,3,"17, 15, 3",2021-09-21T06:05:03.818Z
HAP987,approved,rental,No,Female,White,Non-Hispanic / Non-Latinx,2,1,6,2021-09-21T05:58:15.453Z
HAP939,approved,rental,No,Female,Multi-Racial,Non-Hispanic / Non-Latinx,3,1,9,2021-09-21T05:45:47.019Z
HAP939,approved,rental,No,Female,Multi-Racial,Non-Hispanic / Non-Latinx,3,1,9,2021-09-21T05:45:46.484Z
HAP864,approved,rental,No,Female,Multi-Racial,Non-Hispanic / Non-Latinx,6,4,"17,16,14,7",2021-09-21T05:35:11.094Z
HAP673,approved,rental,No,Male,,Hispanic / Latinx,3,1,7,2021-09-20T21:15:27.932Z
HAP827,approved,rental,No,Female,White,Non-Hispanic / Non-Latinx,3,2,"9,6",2021-09-19T21:31:37.773Z
HAP712,approved,rental,No,Female,,Hispanic / Latinx,3,1,3,2021-09-17T18:41:42.420Z
HAP1264,approved,rental,No,Male,White,Non-Hispanic / Non-Latinx,5,2,"12,17",2021-09-17T18:03:03.243Z
HAP1192,approved,rental,No,Male,Multi-Racial,Hispanic / Latinx,6,2,"14,15",2021-09-17T16:16:11.590Z
HAP1125,approved,rental,No,Female,White,Non-Hispanic / Non-Latinx,4,3,"5,3,11",2021-09-16T20:31:33.394Z
HAP1105,approved,rental,No,Male,Native Hawaiian or Other Pacific Islander,Non-Hispanic / Non-Latinx,8,5,"16,15,11,9,2",2021-09-16T16:39:39.585Z
HAP522,approved,rental,No,Male,White,Hispanic / Latinx,5,3,"9,13,18",2021-09-15T18:18:10.069Z
HAP1121,approved,rental,No,Female,Native Hawaiian or Other Pacific Islander,Non-Hispanic / Non-Latinx,3,4,4,2021-09-15T18:02:12.026Z
HAP773,approved,rental,No,Male,White,Non-Hispanic / Non-Latinx,2,1,7,2021-09-15T17:56:59.160Z
HAP741,approved,rental,No,Female,White,Non-Hispanic / Non-Latinx,3,1,11,2021-09-15T17:45:13.091Z
HAP719,approved,rental,No,Female,White,Non-Hispanic / Non-Latinx,2,1,6,2021-09-14T19:33:05.985Z
HAP532,approved,rental,No,Female,White,Non-Hispanic / Non-Latinx,2,1,4,2021-09-14T17:57:41.706Z
HAP779,approved,rental,No,Male,Black or African American,Non-Hispanic / Non-Latinx,2,1,3,2021-09-14T17:43:02.248Z
HAP803,approved,rental,No,Female,White,Non-Hispanic / Non-Latinx,4,3,"0,9,10",2021-09-14T17:38:00.939Z
HAP945,approved,rental,No,Male,White,Non-Hispanic / Non-Latinx,10,8,"6,8,8,9,12,14,14,16",2021-09-14T06:30:20.744Z
HAP590,approved,rental,No,Female,White,Non-Hispanic / Non-Latinx,5,3,"11, 5, 2",2021-09-14T06:16:06.603Z
HAP856,approved,rental,No,Female,White,Non-Hispanic / Non-Latinx,4,3,"6, 13. 14",2021-09-14T05:12:07.230Z
HAP397,approved,rental,No,Female,Multi-Racial,Non-Hispanic / Non-Latinx,3,1,,2021-09-14T04:50:35.234Z
HAP868,approved,rental,No,Decline to answer,White,Non-Hispanic / Non-Latinx,4,2,"4,0,",2021-09-14T04:43:25.087Z
HAP1134,approved,rental,No,Female,Multi-Racial,Non-Hispanic / Non-Latinx,1,0,0,2021-09-13T22:12:41.832Z
HAP1245,approved,rental,No,Female,White,Non-Hispanic / Non-Latinx,4,2,"13,2",2021-09-13T21:46:16.527Z
HAP1254,approved,rental,No,Male,Multi-Racial,Non-Hispanic / Non-Latinx,2,1,7,2021-09-13T20:53:23.657Z
HAP964,approved,rental,No,Female,Multi-Racial,Hispanic / Latinx,5,4,"1,8,10,17",2021-09-13T19:55:49.742Z
HAP650,approved,rental,No,Male,White,Non-Hispanic / Non-Latinx,7,5,"10,8,8,5,2",2021-09-13T19:45:31.115Z
HAP1082,approved,rental,No,Female,Native Hawaiian or Other Pacific Islander,Non-Hispanic / Non-Latinx,6,4,"8,9,3,6",2021-09-13T16:27:52.515Z
HAP1074,approved,rental,No,Male,Native Hawaiian or Other Pacific Islander,Non-Hispanic / Non-Latinx,5,1,10,2021-09-10T19:26:10.729Z
HAP534,approved,rental,No,Male,White,Non-Hispanic / Non-Latinx,7,5,"13,13,5,3,1",2021-09-10T06:58:38.674Z
HAP607,approved,rental,No,Female,White,Non-Hispanic / Non-Latinx,4,3,"2,4,12",2021-09-09T22:48:56.086Z
HAP974,approved,rental,No,Female,White,Non-Hispanic / Non-Latinx,4,3,"15,13,8",2021-09-09T18:31:29.557Z
HAP200,approved,rental,No,Female,Multi-Racial,Non-Hispanic / Non-Latinx,4,2,"2,2",2021-09-08T21:30:25.850Z
HAP866,approved,rental,Yes,Female,White,Non-Hispanic / Non-Latinx,3,2,"2,4",2021-09-08T03:34:22.280Z
HAP578,approved,rental,Yes,Female,Multi-Racial,Non-Hispanic / Non-Latinx,4,2,"4,3",2021-09-08T03:27:37.784Z
HAP799,approved,rental,Yes,Female,Multi-Racial,Non-Hispanic / Non-Latinx,1,0,5,2021-09-08T03:16:23.602Z
HAP156,approved,rental,No,Male,White,Non-Hispanic / Non-Latinx,3,2,,2021-09-08T02:54:53.250Z
HAP394,approved,rental,No,Male,Native Hawaiian or Other Pacific Islander,Non-Hispanic / Non-Latinx,5,2,"7, 3",2021-09-07T23:10:48.022Z
HAP498,approved,rental,No,Male,Native Hawaiian or Other Pacific Islander,Non-Hispanic / Non-Latinx,4,2,"5, 7",2021-09-07T22:04:03.625Z
HAP1102,approved,rental,No,Female,Native Hawaiian or Other Pacific Islander,Non-Hispanic / Non-Latinx,5,3,000,2021-09-03T18:35:41.137Z
HAP1037,approved,rental,No,Male,White,Non-Hispanic / Non-Latinx,6,4,"7,6,4,2",2021-09-01T23:23:32.510Z
HAP175,approved,rental,No,Male,Black or African American,Non-Hispanic / Non-Latinx,2,1,6,2021-09-01T19:59:02.017Z
HAP259,approved,rental,No,,White,Non-Hispanic / Non-Latinx,3,1,5,2021-09-01T07:15:18.555Z
HAP836,approved,rental,No,Female,Multi-Racial,Non-Hispanic / Non-Latinx,7,5,"5, 12, 13, 14, 17",2021-09-01T06:47:40.537Z
HAP815,approved,rental,No,Female,White,Non-Hispanic / Non-Latinx,1,0,0,2021-09-01T06:42:26.022Z
HAP867,approved,rental,No,Male,Multi-Racial,Non-Hispanic / Non-Latinx,6,3,"6,5,3",2021-09-01T06:32:00.433Z
HAP514,approved,rental,No,Female,Client refused,Non-Hispanic / Non-Latinx,3,2,"11,5",2021-09-01T06:29:06.435Z
HAP845,approved,rental,No,Male,Multi-Racial,Hispanic / Latinx,4,1,0,2021-08-31T21:49:31.731Z
HAP57,approved,rental,No,Female,White,Hispanic / Latinx,2,1,11,2021-08-31T21:39:08.753Z
HAP77,approved,rental,No,Female,Multi-Racial,Non-Hispanic / Non-Latinx,3,1,15,2021-08-31T21:16:46.195Z
HAP758,approved,rental,No,Female,White,Non-Hispanic / Non-Latinx,3,1,1,2021-08-31T20:07:00.312Z
HAP892,approved,rental,No,Female,Black or African American,Non-Hispanic / Non-Latinx,4,3,"0,0,0,",2021-08-31T19:47:15.352Z
HAP763,approved,rental,No,Female,Multi-Racial,Non-Hispanic / Non-Latinx,3,2,"10,8",2021-08-30T19:02:32.487Z
HAP783,approved,rental,No,Female,White,Non-Hispanic / Non-Latinx,4,1,11,2021-08-30T18:18:28.181Z
HAP163,approved,rental,No,Female,White,Non-Hispanic / Non-Latinx,3,2,,2021-08-30T06:55:09.586Z
HAP547,approved,rental,No,Female,Multi-Racial,Non-Hispanic / Non-Latinx,4,3,"13,17,18",2021-08-28T17:33:25.104Z
HAP546,approved,rental,No,Female,White,Non-Hispanic / Non-Latinx,4,2,"9,7",2021-08-28T17:31:28.067Z
HAP833,approved,rental,No,Male,White,Non-Hispanic / Non-Latinx,2,1,7,2021-08-27T21:14:34.733Z
HAP476,approved,rental,No,Male,Multi-Racial,Hispanic / Latinx,3,1,3,2021-08-27T18:26:44.586Z
HAP1025,approved,rental,No,Female,White,Hispanic / Latinx,4,1,7,2021-08-27T17:48:29.692Z
HAP496,approved,rental,No,Female,White,Non-Hispanic / Non-Latinx,5,3,"10,5,2",2021-08-27T17:37:21.654Z
HAP453,approved,rental,No,Female,Multi-Racial,Non-Hispanic / Non-Latinx,4,2,"3,10",2021-08-27T06:59:02.387Z
HAP325,approved,rental,Yes,Female,Multi-Racial,Non-Hispanic / Non-Latinx,2,1,3,2021-08-26T23:57:44.705Z
HAP762,approved,rental,No,Male,Multi-Racial,Non-Hispanic / Non-Latinx,2,1,12,2021-08-26T21:34:43.677Z
HAP90,approved,rental,No,Male,Client refused,Non-Hispanic / Non-Latinx,2,1,,2021-08-26T18:04:50.563Z
HAP926,approved,rental,No,Female,Multi-Racial,Non-Hispanic / Non-Latinx,4,2,"8,0",2021-08-25T23:12:52.728Z
HAP919,approved,rental,No,Male,White,Non-Hispanic / Non-Latinx,4,3,"10,7,4",2021-08-24T23:59:39.034Z
HAP1023,approved,rental,No,Male,White,Non-Hispanic / Non-Latinx,4,2,"12, 16",2021-08-24T16:47:17.348Z
HAP653,approved,rental,No,Male,American Indian or Alaska Native,Hispanic / Latinx,2,1,7,2021-08-24T06:36:50.263Z
HAP455,approved,rental,No,,Multi-Racial,Non-Hispanic / Non-Latinx,2,1,2,2021-08-24T05:15:46.760Z
HAP877,approved,rental,No,Female,Native Hawaiian or Other Pacific Islander,Hispanic / Latinx,3,2,"1,3",2021-08-24T03:49:37.204Z
HAP385,approved,rental,No,Male,White,Non-Hispanic / Non-Latinx,5,3,"5,3,2",2021-08-23T22:34:54.222Z
HAP258,approved,rental,No,Female,White,Non-Hispanic / Non-Latinx,4,2,,2021-08-20T15:17:02.988Z
HAP262,approved,rental,No,Female,White,Non-Hispanic / Non-Latinx,4,2,,2021-08-20T15:09:43.497Z
HAP310,approved,rental,No,,Multi-Racial,Non-Hispanic / Non-Latinx,4,2,"7, 5",2021-08-20T01:04:38.669Z
HAP90,approved,rental,No,Male,Client refused,Non-Hispanic / Non-Latinx,2,1,,2021-08-19T07:00:00.000Z
HAP863,approved,rental,No,Male,Native Hawaiian or Other Pacific Islander,Non-Hispanic / Non-Latinx,7,5,"14, 11, 11, 9, 5",2021-08-17T23:13:44.219Z
HAP344,approved,rental,No,Female,White,Non-Hispanic / Non-Latinx,4,2,"4, 15",2021-08-17T17:09:31.121Z
HAP207,approved,rental,No,Female,White,Non-Hispanic / Non-Latinx,3,1,5,2021-08-16T18:46:18.928Z
HAP816,approved,rental,No,Male,Client refused,Non-Hispanic / Non-Latinx,4,3,"16, 15, 8",2021-08-16T18:29:05.351Z
HAP842,approved,rental,No,Female,Native Hawaiian or Other Pacific Islander,Non-Hispanic / Non-Latinx,2,1,14,2021-08-13T18:17:04.555Z
HAP699,approved,rental,No,Male,White,Hispanic / Latinx,4,2,"9,7",2021-08-13T07:14:01.917Z
HAP775,approved,rental,No,Female,White,Non-Hispanic / Non-Latinx,3,1,15,2021-08-13T07:12:17.550Z
HAP488,approved,rental,No,Female,White,Non-Hispanic / Non-Latinx,3,2,"14,17",2021-08-12T22:36:57.038Z
HAP365,approved,rental,No,Decline to answer,Black or African American,Non-Hispanic / Non-Latinx,2,1,3,2021-08-11T22:28:29.227Z
HAP690,approved,rental,No,Male,White,Non-Hispanic / Non-Latinx,2,1,2,2021-08-11T21:03:49.498Z
HAP644,approved,rental,Yes,Female,Black or African American,Non-Hispanic / Non-Latinx,2,1,0,2021-08-11T20:01:28.929Z
HAP997,approved,rental,No,Female,White,Non-Hispanic / Non-Latinx,3,2,"5,2",2021-08-11T17:52:24.915Z
HAP759,approved,rental,No,Female,White,Non-Hispanic / Non-Latinx,6,5,"11, 9, 7, 5 and 8 months",2021-08-10T18:47:01.354Z
HAP386,approved,rental,No,Female,Multi-Racial,Non-Hispanic / Non-Latinx,3,2,,2021-08-10T05:52:05.673Z
HAP577,approved,rental,No,Male,White,Non-Hispanic / Non-Latinx,5,3,"9month, 4yr old, 11 yr old",2021-08-10T05:41:06.047Z
HAP700,approved,rental,Yes,Female,White,Non-Hispanic / Non-Latinx,3,1,4,2021-08-09T21:38:02.864Z
HAP752,approved,rental,No,Female,Native Hawaiian or Other Pacific Islander,Non-Hispanic / Non-Latinx,7,3,"11,9,0",2021-08-09T16:40:21.541Z
HAP430,approved,rental,No,Female,,Hispanic / Latinx,2,1,,2021-08-06T20:55:54.152Z
HAP473,approved,rental,No,Female,White,Non-Hispanic / Non-Latinx,2,1,7,2021-08-06T20:41:08.693Z
HAP321,approved,rental,No,Male,Native Hawaiian or Other Pacific Islander,Non-Hispanic / Non-Latinx,3,1,4,2021-08-05T16:39:09.025Z
HAP324,approved,rental,No,Female,White,Hispanic / Latinx,3,2,"4, 6",2021-08-05T05:35:46.113Z
HAP671,approved,rental,No,Female,Client refused,Non-Hispanic / Non-Latinx,2,1,5,2021-08-05T05:28:13.211Z
HAP204,approved,rental,No,Male,White,Non-Hispanic / Non-Latinx,2,1,,2021-08-05T05:21:09.703Z
HAP139,approved,rental,No,Female,Multi-Racial,Non-Hispanic / Non-Latinx,4,2,"8, 9",2021-08-04T23:53:29.846Z
HAP806,approved,rental,No,Female,White,Hispanic / Latinx,3,2,"11,10",2021-08-03T21:32:04.903Z
HAP388,approved,rental,Yes,Male,White,Non-Hispanic / Non-Latinx,4,2,"4, 10 months",2021-08-03T20:31:57.986Z
HAP466,approved,rental,No,Male,White,Non-Hispanic / Non-Latinx,2,1,13,2021-08-03T20:09:12.949Z
HAP566,approved,rental,No,Male,Multi-Racial,Non-Hispanic / Non-Latinx,4,2,"10, 12",2021-08-02T17:42:02.849Z
HAP539,approved,rental,No,Female,Black or African American,Non-Hispanic / Non-Latinx,4,3,"17,12,7",2021-08-01T02:00:24.276Z
HAP694,approved,rental,No,Female,Black or African American,Non-Hispanic / Non-Latinx,5,3,"2, 4, 17",2021-07-30T20:40:58.296Z
HAP733,approved,rental,No,Female,White,Non-Hispanic / Non-Latinx,2,1,11,2021-07-30T16:02:04.474Z
HAP341,approved,rental,No,,White,Non-Hispanic / Non-Latinx,3,2,"4, 2 ",2021-07-29T22:41:11.986Z
HAP693,approved,rental,No,Female,White,Non-Hispanic / Non-Latinx,4,2,"11,7",2021-07-29T22:36:20.934Z
HAP891,approved,rental,No,Female,Multi-Racial,Non-Hispanic / Non-Latinx,7,5,"0,1,7,13,15",2021-07-29T22:28:03.877Z
HAP636,approved,rental,Yes,Female,White,Non-Hispanic / Non-Latinx,2,1,0,2021-07-29T21:16:05.074Z
HAP246,approved,rental,No,,White,Non-Hispanic / Non-Latinx,3,2,,2021-07-29T20:58:24.832Z
HAP199,approved,rental,No,,White,Non-Hispanic / Non-Latinx,4,2,,2021-07-29T01:27:21.062Z
HAP185,approved,rental,No,,White,Non-Hispanic / Non-Latinx,3,2,,2021-07-29T01:03:22.862Z
HAP127,approved,rental,No,,,Hispanic / Latinx,2,1,3,2021-07-28T23:13:41.777Z
HAP829,approved,rental,No,Male,Native Hawaiian or Other Pacific Islander,Non-Hispanic / Non-Latinx,5,3,"17, 16, 8",2021-07-28T20:54:51.426Z
HAP182,approved,rental,No,,White,Non-Hispanic / Non-Latinx,5,3,"14, 3, 2",2021-07-28T19:46:23.209Z
HAP172,approved,rental,No,Female,,Hispanic / Latinx,5,3,"8,6,4",2021-07-28T19:13:55.479Z
HAP374,approved,rental,No,,White,Non-Hispanic / Non-Latinx,3,2,"9,8",2021-07-28T18:50:20.514Z
HAP284,approved,rental,No,,White,Non-Hispanic / Non-Latinx,2,1,8,2021-07-28T07:03:07.955Z
HAP166,approved,rental,No,,Black or African American,Non-Hispanic / Non-Latinx,2,1,,2021-07-28T06:56:42.941Z
HAP331,approved,rental,No,,Multi-Racial,Non-Hispanic / Non-Latinx,2,1,,2021-07-28T06:45:27.709Z
HAP116,approved,rental,No,,White,Hispanic / Latinx,2,1,,2021-07-28T06:27:18.763Z
HAP461,approved,rental,No,,White,Non-Hispanic / Non-Latinx,3,2,"13, 7",2021-07-28T05:27:55.131Z
HAP434,approved,rental,No,,White,Non-Hispanic / Non-Latinx,2,1,,2021-07-28T05:18:52.237Z
HAP361,approved,rental,No,,White,Non-Hispanic / Non-Latinx,3,2,,2021-07-28T05:12:49.382Z
HAP756,approved,rental,Yes,Female,American Indian or Alaska Native,Non-Hispanic / Non-Latinx,4,3,"8,4,2",2021-07-27T20:37:57.690Z
HAP769,approved,rental,No,Male,White,Non-Hispanic / Non-Latinx,5,3,"3, 4, 15",2021-07-27T19:13:32.915Z
HAP186,approved,rental,No,,White,Non-Hispanic / Non-Latinx,3,2,"15, 13",2021-07-26T15:43:30.325Z
HAP299,approved,rental,No,,Black or African American,Hispanic / Latinx,3,2,10 and 5 ,2021-07-26T05:33:14.950Z
HAP304,approved,rental,No,,White,Hispanic / Latinx,5,4,"8, 3, 2",2021-07-23T15:42:39.092Z
HAP180,approved,rental,No,,Multi-Racial,Non-Hispanic / Non-Latinx,4,3,,2021-07-23T06:38:13.751Z
HAP86,approved,rental,No,Female,Multi-Racial,Non-Hispanic / Non-Latinx,2,1,17,2021-07-21T23:05:21.370Z
HAP270,approved,rental,No,,Multi-Racial,Non-Hispanic / Non-Latinx,2,1,15,2021-07-21T21:58:20.401Z
HAP576,approved,rental,No,Male,White,Non-Hispanic / Non-Latinx,4,2,"8, 16",2021-07-21T20:49:41.102Z
HAP145,approved,rental,No,,White,Non-Hispanic / Non-Latinx,2,2,"7, 2",2021-07-21T16:50:28.025Z
HAP322,approved,rental,No,,Multi-Racial,Non-Hispanic / Non-Latinx,6,3,"6,10,16",2021-07-21T16:37:57.558Z
HAP419,approved,rental,No,,Black or African American,Non-Hispanic / Non-Latinx,4,3,"14, 15",2021-07-21T16:35:07.326Z
HAP666,approved,rental,Yes,Female,White,Non-Hispanic / Non-Latinx,2,1,3,2021-07-20T22:15:28.802Z
HAP226,approved,rental,Yes,Female,White,Non-Hispanic / Non-Latinx,4,1,4 months,2021-07-20T21:57:36.384Z
HAP168,approved,rental,No,,White,Non-Hispanic / Non-Latinx,3,2,"4, 4",2021-07-20T21:16:13.632Z
HAP273,approved,rental,No,Female,White,Non-Hispanic / Non-Latinx,7,5,"10, 5, 4, 3, 1",2021-07-20T21:06:06.076Z
HAP651,approved,rental,No,Female,Multi-Racial,Hispanic / Latinx,3,1,13,2021-07-20T21:05:22.838Z
HAP409,approved,rental,No,,Multi-Racial,Hispanic / Latinx,4,3,"12,13,16",2021-07-20T18:54:26.438Z
HAP572,approved,rental,No,Male,White,Non-Hispanic / Non-Latinx,4,1,7,2021-07-20T18:21:15.054Z
HAP219,approved,rental,No,,American Indian or Alaska Native,Non-Hispanic / Non-Latinx,3,1,,2021-07-20T06:44:05.436Z
HAP383,approved,rental,No,Female,Multi-Racial,Non-Hispanic / Non-Latinx,5,4,"9,7,5,1",2021-07-20T06:33:06.192Z
HAP244,approved,rental,No,Female,White,Hispanic / Latinx,3,2,16 & 9,2021-07-20T05:25:16.180Z
HAP236,approved,rental,No,,Multi-Racial,Non-Hispanic / Non-Latinx,4,3,,2021-07-20T05:18:42.550Z
HAP231,approved,rental,No,Female,Multi-Racial,Hispanic / Latinx,6,4,"12, 9, 6, 5",2021-07-20T05:10:24.207Z
HAP241,approved,rental,No,,White,Non-Hispanic / Non-Latinx,2,1,,2021-07-20T05:05:58.680Z
HAP118,approved,rental,No,Female,,Hispanic / Latinx,4,1,,2021-07-19T23:30:56.991Z
HAP184,approved,rental,No,,Multi-Racial,Non-Hispanic / Non-Latinx,5,3,,2021-07-19T22:14:29.294Z
HAP203,approved,rental,No,,White,Non-Hispanic / Non-Latinx,3,2,,2021-07-19T22:05:37.992Z
HAP242,approved,rental,No,,White,Non-Hispanic / Non-Latinx,4,1,,2021-07-19T21:47:02.096Z
HAP217,approved,rental,No,,White,Non-Hispanic / Non-Latinx,4,2,,2021-07-19T21:31:54.755Z
HAP99,approved,rental,No,,Multi-Racial,Non-Hispanic / Non-Latinx,3,2,,2021-07-19T21:01:32.134Z
HAP517,approved,rental,No,,Multi-Racial,Non-Hispanic / Non-Latinx,3,1,14,2021-07-19T17:03:30.782Z
HAP320,approved,rental,No,Female,White,Non-Hispanic / Non-Latinx,4,1,11,2021-07-19T16:30:04.552Z
HAP209,approved,rental,Yes,Female,Multi-Racial,Non-Hispanic / Non-Latinx,2,1,2,2021-07-16T16:07:59.068Z
HAP718,approved,rental,No,Female,Native Hawaiian or Other Pacific Islander,Non-Hispanic / Non-Latinx,7,4,"16,15,10,2",2021-07-15T20:35:29.018Z
HAP136,approved,rental,No,,White,Non-Hispanic / Non-Latinx,5,1,12,2021-07-15T20:06:39.705Z
HAP109,approved,rental,No,,Multi-Racial,Non-Hispanic / Non-Latinx,5,3,"8, 5, 2",2021-07-15T18:33:03.455Z
HAP735,approved,rental,No,Female,Native Hawaiian or Other Pacific Islander,Non-Hispanic / Non-Latinx,6,4,"7,8,13,14",2021-07-15T17:51:02.440Z
HAP256,approved,rental,No,Female,Multi-Racial,Non-Hispanic / Non-Latinx,3,1,11,2021-07-14T22:10:25.077Z
HAP149,approved,rental,No,,White,Non-Hispanic / Non-Latinx,3,2,"5,8",2021-07-14T22:02:31.248Z
HAP124,approved,rental,No,,Multi-Racial,Non-Hispanic / Non-Latinx,7,5,,2021-07-14T21:45:37.537Z
HAP73,approved,rental,No,Female,Multi-Racial,Non-Hispanic / Non-Latinx,4,3,"8,6,1",2021-07-12T17:40:41.271Z
HAP213,approved,rental,No,,White,Non-Hispanic / Non-Latinx,2,1,,2021-07-12T17:11:16.524Z
HAP250,approved,rental,No,,White,Hispanic / Latinx,4,2,,2021-07-12T05:36:41.557Z
HAP157,approved,rental,No,,Multi-Racial,Non-Hispanic / Non-Latinx,3,2,,2021-07-10T01:33:31.017Z
HAP132,approved,rental,No,,White,Non-Hispanic / Non-Latinx,4,3,,2021-07-10T01:25:01.837Z
HAP191,approved,rental,No,Female,White,Non-Hispanic / Non-Latinx,3,2,"12, 9",2021-07-10T01:08:30.896Z
HAP169,approved,rental,No,,Native Hawaiian or Other Pacific Islander,Non-Hispanic / Non-Latinx,5,4,"17,15,7,5",2021-07-08T22:21:16.309Z
HAP252,approved,rental,No,Female,White,Non-Hispanic / Non-Latinx,5,3,"12,10,4",2021-07-08T22:08:11.762Z
HAP648,approved,rental,No,Female,White,Non-Hispanic / Non-Latinx,3,2,"6,11 ",2021-07-08T16:04:00.073Z
HAP252,approved,rental,No,Female,White,Non-Hispanic / Non-Latinx,5,3,"12,10,4",2021-07-08T07:00:00.000Z
HAP103,approved,rental,No,Male,Black or African American,Non-Hispanic / Non-Latinx,2,1,17,2021-07-07T22:46:24.857Z
HAP95,approved,rental,No,Female,Multi-Racial,Non-Hispanic / Non-Latinx,3,1,11,2021-07-07T21:09:46.516Z
HAP245,approved,rental,Yes,,White,Non-Hispanic / Non-Latinx,4,2,,2021-07-07T05:57:38.778Z
HAP224,approved,rental,No,,White,Non-Hispanic / Non-Latinx,3,2,,2021-07-07T04:44:03.658Z
HAP27,approved,rental,No,,Multi-Racial,Non-Hispanic / Non-Latinx,5,3,,2021-07-07T03:00:59.843Z
HAP150,approved,rental,No,,Multi-Racial,Non-Hispanic / Non-Latinx,3,1,,2021-07-07T02:39:44.100Z
HAP164,approved,rental,No,,White,Non-Hispanic / Non-Latinx,5,3,,2021-07-07T02:25:09.039Z
HAP272,approved,rental,No,,White,Non-Hispanic / Non-Latinx,4,3,,2021-07-07T02:13:07.829Z
HAP392,approved,rental,No,,White,Non-Hispanic / Non-Latinx,4,2,,2021-07-07T01:28:46.380Z
HAP274,approved,rental,No,,,Hispanic / Latinx,5,3,"12,10,4",2021-07-02T19:31:21.622Z
HAP222,approved,rental,No,,Multi-Racial,Non-Hispanic / Non-Latinx,6,4,"9,6,2,0",2021-07-02T16:54:42.735Z
HAP233,approved,rental,No,,White,Hispanic / Latinx,3,2,"8,6",2021-07-02T16:23:46.433Z
HAP167,approved,rental,No,Male,White,Non-Hispanic / Non-Latinx,5,3,"9,7,6",2021-07-02T03:20:57.073Z
HAP440,approved,rental,No,Decline to answer,Client refused,Non-Hispanic / Non-Latinx,3,1,,2021-07-02T02:12:55.255Z
HAP360,approved,rental,No,,American Indian or Alaska Native,Non-Hispanic / Non-Latinx,3,2,,2021-07-02T00:18:43.490Z
HAP108,approved,rental,No,Female,White,Hispanic / Latinx,3,1,1,2021-07-01T20:52:17.790Z
HAP147,approved,rental,No,,White,Hispanic / Latinx,5,3,"13, 1, 1",2021-06-30T19:23:18.144Z
HAP559,approved,rental,No,Female,White,Non-Hispanic / Non-Latinx,3,2,"9,17",2021-06-30T16:41:16.610Z
HAP140,approved,rental,No,,Multi-Racial,Non-Hispanic / Non-Latinx,4,3,"8, 3, 2",2021-06-29T21:24:29.653Z
HAP151,approved,rental,No,,Multi-Racial,Non-Hispanic / Non-Latinx,2,1,15,2021-06-29T20:53:52.038Z
HAP438,approved,rental,No,Male,Native Hawaiian or Other Pacific Islander,Non-Hispanic / Non-Latinx,9,7,,2021-06-29T20:23:12.677Z
HAP52,approved,rental,No,,Multi-Racial,Non-Hispanic / Non-Latinx,3,1,5,2021-06-29T18:37:17.509Z
HAP106,approved,rental,No,Male,Multi-Racial,Non-Hispanic / Non-Latinx,4,1,2,2021-06-29T18:15:13.127Z
HAP205,approved,rental,No,,White,Non-Hispanic / Non-Latinx,4,2,,2021-06-29T07:11:12.387Z
HAP216,approved,rental,No,Female,White,Non-Hispanic / Non-Latinx,5,3,"2, 6, 8",2021-06-29T04:46:45.932Z
HAP121,approved,rental,No,,Multi-Racial,Non-Hispanic / Non-Latinx,4,3,,2021-06-28T19:07:41.323Z
HAP503,approved,rental,No,,Native Hawaiian or Other Pacific Islander,Non-Hispanic / Non-Latinx,7,5,"15,11, 2, 4, 0",2021-06-28T17:29:34.584Z
HAP229,approved,rental,No,,White,Non-Hispanic / Non-Latinx,2,1,,2021-06-26T18:27:26.596Z
HAP143,approved,rental,No,Female,Multi-Racial,Non-Hispanic / Non-Latinx,3,2,"8, 3",2021-06-26T18:09:55.482Z
HAP173,approved,rental,No,,Black or African American,Non-Hispanic / Non-Latinx,6,5,,2021-06-26T16:31:41.015Z
HAP134,approved,rental,No,,White,Non-Hispanic / Non-Latinx,5,2,,2021-06-26T16:12:41.926Z
HAP123,approved,rental,No,,White,Non-Hispanic / Non-Latinx,4,3,,2021-06-26T01:08:53.937Z
HAP96,approved,rental,No,,White,Non-Hispanic / Non-Latinx,4,2,,2021-06-26T00:42:11.192Z
HAP148,approved,rental,No,,White,Non-Hispanic / Non-Latinx,5,3,,2021-06-25T05:06:55.780Z
HAP139,approved,rental,No,Female,Multi-Racial,Non-Hispanic / Non-Latinx,4,2,"8, 9",2021-06-25T04:54:48.858Z
HAP237,approved,rental,No,,Multi-Racial,Non-Hispanic / Non-Latinx,4,3,,2021-06-24T20:46:55.862Z
HAP115,approved,rental,No,,White,Non-Hispanic / Non-Latinx,5,4,"11,8,6,4",2021-06-24T17:45:07.715Z
HAP545,approved,rental,No,Female,White,Non-Hispanic / Non-Latinx,2,1,0,2021-06-24T16:43:44.700Z
HAP113,approved,rental,No,Female,White,Non-Hispanic / Non-Latinx,4,2,"16, 10",2021-06-23T22:13:35.823Z
HAP97,approved,rental,No,,Multi-Racial,Non-Hispanic / Non-Latinx,4,2,"10,6",2021-06-23T21:57:04.378Z
HAP101,approved,rental,No,,Multi-Racial,Non-Hispanic / Non-Latinx,4,3,,2021-06-23T21:41:33.021Z
HAP85,approved,rental,No,Female,Multi-Racial,Non-Hispanic / Non-Latinx,3,2,12 & 10,2021-06-23T21:05:37.049Z
HAP161,approved,rental,No,,White,Non-Hispanic / Non-Latinx,4,2,"6,4",2021-06-23T20:55:54.184Z
HAP100,approved,rental,No,,White,Non-Hispanic / Non-Latinx,6,4,,2021-06-22T19:41:38.652Z
HAP107,approved,rental,No,,White,Non-Hispanic / Non-Latinx,3,1,,2021-06-21T22:44:21.932Z
HAP105,approved,rental,No,Female,White,Non-Hispanic / Non-Latinx,2,1,,2021-06-21T17:58:00.399Z
HAP112,approved,rental,No,,White,Non-Hispanic / Non-Latinx,3,2,,2021-06-21T17:47:15.682Z
HAP177,approved,rental,No,,White,Non-Hispanic / Non-Latinx,5,3,,2021-06-21T02:44:21.250Z
HAP79,approved,rental,No,,White,Hispanic / Latinx,5,3,,2021-06-15T18:49:27.042Z
HAP92,approved,rental,No,,White,Non-Hispanic / Non-Latinx,2,1,,2021-06-15T04:54:34.375Z
HAP94,approved,rental,No,Male,Black or African American,Hispanic / Latinx,4,2,"5, 0",2021-06-14T22:26:34.005Z
HAP91,approved,rental,No,,White,Non-Hispanic / Non-Latinx,5,3,,2021-06-14T22:25:40.603Z
HAP82,approved,rental,No,,American Indian or Alaska Native,Non-Hispanic / Non-Latinx,2,1,,2021-06-11T21:16:33.042Z
HAP71,approved,rental,No,Female,Multi-Racial,Non-Hispanic / Non-Latinx,3,1,3,2021-06-11T02:12:26.774Z
HAP81,approved,rental,No,,White,Non-Hispanic / Non-Latinx,2,1,,2021-06-09T20:30:17.681Z
HAP35,approved,rental,No,,White,Non-Hispanic / Non-Latinx,1,1,,2021-06-09T19:47:08.701Z
HAP67,approved,rental,No,,Black or African American,Non-Hispanic / Non-Latinx,3,2,,2021-06-08T21:54:22.518Z
HAP49,approved,rental,No,,White,Non-Hispanic / Non-Latinx,3,2,,2021-06-08T20:59:46.003Z
HAP63,approved,rental,No,Female,Native Hawaiian or Other Pacific Islander,Non-Hispanic / Non-Latinx,7,5,"14,12,12,11,7",2021-06-08T19:30:45.645Z
HAP89,approved,rental,No,Male,White,Non-Hispanic / Non-Latinx,5,3,"15, 10, 8",2021-06-08T18:09:29.166Z
HAP15,approved,rental,No,,White,Non-Hispanic / Non-Latinx,1,2,,2021-06-08T01:40:30.500Z
HAP13,approved,rental,No,,Multi-Racial,Hispanic / Latinx,4,2,,2021-06-07T15:43:52.423Z
HAP69,approved,rental,No,,White,Non-Hispanic / Non-Latinx,3,2,,2021-06-05T16:52:39.123Z
HAP28,approved,rental,Yes,,Multi-Racial,Non-Hispanic / Non-Latinx,3,1,,2021-05-31T15:28:51.978Z
HAP104,approved,rental,No,,White,Non-Hispanic / Non-Latinx,4,3,,2021-05-28T14:41:23.617Z
HAP38,approved,rental,No,,White,Non-Hispanic / Non-Latinx,2,1,,2021-05-27T22:50:07.454Z
HAP76,approved,rental,No,,Multi-Racial,Non-Hispanic / Non-Latinx,3,2,,2021-05-18T22:07:41.873Z